user,file_path,action,timestamp,size_mb
user7,/confidential/salaries.xlsx,read,2025-12-03 21:46:43,21.13
user12,/confidential/salaries.xlsx,write,2025-12-03 21:01:43,38.92
user6,/projects/code.py,read,2025-12-03 20:28:43,44.97
user9,/data/analysis.xlsx,download,2025-12-03 19:34:43,28.24
user8,/documents/report.docx,read,2025-12-03 18:59:43,7.31
user15,/projects/code.py,write,2025-12-03 18:49:43,18.71
user20,/confidential/salaries.xlsx,copy,2025-12-03 18:27:43,10.18
user1,/hr/employee_records.pdf,download,2025-12-03 18:13:43,45.32
user7,/database/customer_data.csv,download,2025-12-03 18:09:43,5.58
user13,/documents/presentation.pptx,copy,2025-12-03 16:09:43,33.78
user15,/documents/presentation.pptx,download,2025-12-03 15:48:43,35.47
user20,/database/customer_data.csv,download,2025-12-03 15:46:43,45.96
user15,/projects/code.py,copy,2025-12-03 15:06:43,1.32
user1,/documents/report.docx,read,2025-12-03 14:25:43,9.55
user19,/notes/meeting_notes.txt,read,2025-12-03 14:24:43,18.1
user11,/projects/code.py,download,2025-12-03 14:07:43,0.9
user7,/projects/code.py,write,2025-12-03 10:42:43,31.06
user9,/projects/code.py,write,2025-12-03 10:33:43,7.72
user1,/notes/meeting_notes.txt,copy,2025-12-03 10:18:43,36.46
user7,/financial/budget_2024.xlsx,download,2025-12-03 10:13:43,42.48
user10,/documents/report.docx,download,2025-12-03 09:47:43,7.21
user7,/hr/employee_records.pdf,copy,2025-12-03 09:24:43,17.21
user16,/projects/code.py,download,2025-12-03 09:09:43,18.44
user9,/notes/meeting_notes.txt,copy,2025-12-03 08:47:43,12.25
user8,/data/analysis.xlsx,download,2025-12-03 07:34:43,18.86
user13,/financial/budget_2024.xlsx,read,2025-12-03 07:27:43,34.42
user7,/hr/employee_records.pdf,read,2025-12-03 06:52:43,30.94
user13,/hr/employee_records.pdf,download,2025-12-03 05:58:43,44.49
user13,/notes/meeting_notes.txt,write,2025-12-03 05:42:43,20.98
user12,/financial/budget_2024.xlsx,write,2025-12-03 04:51:43,22.6
user13,/documents/presentation.pptx,read,2025-12-03 04:50:43,41.35
user14,/documents/presentation.pptx,copy,2025-12-03 02:26:43,7.16
user17,/documents/presentation.pptx,copy,2025-12-03 00:47:43,13.93
user7,/financial/budget_2024.xlsx,copy,2025-12-03 00:24:43,18.81
user17,/data/analysis.xlsx,copy,2025-12-02 23:11:43,10.81
user13,/hr/employee_records.pdf,download,2025-12-02 22:18:43,38.89
user5,/documents/report.docx,download,2025-12-02 21:26:43,45.14
user7,/notes/meeting_notes.txt,copy,2025-12-02 20:33:43,11.38
user15,/documents/presentation.pptx,read,2025-12-02 18:13:43,15.95
user20,/confidential/salaries.xlsx,write,2025-12-02 17:19:43,6.39
user20,/admin/passwords.txt,copy,2025-12-02 17:15:43,19.16
user20,/documents/report.docx,write,2025-12-02 16:55:43,26.15
user18,/data/analysis.xlsx,write,2025-12-02 16:19:43,41.11
user17,/data/analysis.xlsx,read,2025-12-02 13:36:43,41.26
user5,/projects/code.py,copy,2025-12-02 13:12:43,33.48
user10,/documents/presentation.pptx,write,2025-12-02 13:07:43,48.48
user4,/data/analysis.xlsx,write,2025-12-02 12:32:43,18.02
user14,/documents/report.docx,download,2025-12-02 12:21:43,4.22
user20,/admin/passwords.txt,copy,2025-12-02 12:15:43,13.7
user8,/data/analysis.xlsx,copy,2025-12-02 11:40:43,30.5
user7,/hr/employee_records.pdf,copy,2025-12-02 10:18:43,35.5
user20,/financial/budget_2024.xlsx,read,2025-12-02 09:57:43,23.55
user17,/projects/code.py,download,2025-12-02 09:32:43,7.82
user8,/documents/report.docx,read,2025-12-02 09:22:43,47.41
user16,/notes/meeting_notes.txt,copy,2025-12-02 09:10:43,23.01
user16,/projects/code.py,write,2025-12-02 07:34:43,5.26
user20,/admin/passwords.txt,download,2025-12-02 03:25:43,26.07
user8,/documents/presentation.pptx,read,2025-12-02 02:43:43,46.99
user18,/documents/report.docx,read,2025-12-02 02:33:43,21.71
user13,/documents/report.docx,write,2025-12-01 23:49:43,38.11
user13,/projects/code.py,read,2025-12-01 23:22:43,24.09
user13,/confidential/salaries.xlsx,download,2025-12-01 22:59:43,23.94
user17,/documents/presentation.pptx,read,2025-12-01 22:50:43,43.52
user18,/documents/presentation.pptx,read,2025-12-01 22:23:43,44.79
user10,/projects/code.py,read,2025-12-01 20:48:43,11.36
user10,/documents/presentation.pptx,write,2025-12-01 19:59:43,45.64
user13,/documents/report.docx,copy,2025-12-01 18:41:43,34.95
user13,/notes/meeting_notes.txt,download,2025-12-01 15:54:43,29.59
user5,/data/analysis.xlsx,read,2025-12-01 12:48:43,7.89
user13,/hr/employee_records.pdf,download,2025-12-01 07:57:43,38.84
user16,/documents/report.docx,copy,2025-12-01 07:29:43,43.18
user8,/notes/meeting_notes.txt,copy,2025-12-01 07:21:43,18.92
user15,/documents/presentation.pptx,copy,2025-12-01 06:41:43,16.35
user14,/notes/meeting_notes.txt,write,2025-12-01 06:11:43,14.02
user17,/admin/passwords.txt,write,2025-12-01 05:57:43,23.02
user17,/projects/code.py,download,2025-12-01 05:08:43,49.07
user6,/projects/code.py,copy,2025-12-01 03:46:43,43.47
user15,/data/analysis.xlsx,write,2025-12-01 01:19:43,12.83
user16,/projects/code.py,write,2025-12-01 01:00:43,11.98
user7,/confidential/salaries.xlsx,copy,2025-12-01 00:14:43,32.45
user6,/documents/report.docx,copy,2025-11-30 23:36:43,0.13
user13,/data/analysis.xlsx,download,2025-11-30 21:54:43,22.04
user16,/projects/code.py,read,2025-11-30 21:24:43,47.32
user13,/admin/passwords.txt,write,2025-11-30 21:14:43,45.6
user1,/projects/code.py,read,2025-11-30 21:06:43,9.05
user17,/notes/meeting_notes.txt,read,2025-11-30 21:06:43,39.78
user17,/projects/code.py,read,2025-11-30 21:06:43,31.99
user13,/financial/budget_2024.xlsx,write,2025-11-30 20:44:43,9.75
user6,/notes/meeting_notes.txt,copy,2025-11-30 19:17:43,8.35
user19,/database/customer_data.csv,copy,2025-11-30 18:18:43,15.86
user9,/confidential/salaries.xlsx,read,2025-11-30 16:58:43,26.32
user12,/data/analysis.xlsx,write,2025-11-30 16:52:43,43.12
user12,/admin/passwords.txt,write,2025-11-30 16:43:43,15.62
user9,/data/analysis.xlsx,write,2025-11-30 16:20:43,19.69
user12,/projects/code.py,copy,2025-11-30 15:45:43,1.3
user7,/database/customer_data.csv,copy,2025-11-30 13:52:43,35.51
user4,/notes/meeting_notes.txt,copy,2025-11-30 11:18:43,1.57
user17,/projects/code.py,write,2025-11-30 11:00:43,43.25
user9,/data/analysis.xlsx,copy,2025-11-30 10:21:43,41.99
user7,/notes/meeting_notes.txt,download,2025-11-30 09:39:43,49.35
user14,/projects/code.py,download,2025-11-30 08:13:43,14.14
user13,/documents/report.docx,copy,2025-11-30 06:14:43,45.2
user10,/notes/meeting_notes.txt,copy,2025-11-30 05:47:43,16.51
user8,/data/analysis.xlsx,write,2025-11-30 05:36:43,29.78
user15,/projects/code.py,read,2025-11-30 04:14:43,44.94
user8,/data/analysis.xlsx,download,2025-11-30 03:51:43,48.56
user9,/financial/budget_2024.xlsx,write,2025-11-30 03:43:43,48.14
user12,/data/analysis.xlsx,download,2025-11-30 02:45:43,49.98
user13,/confidential/salaries.xlsx,copy,2025-11-30 02:32:43,34.55
user4,/admin/passwords.txt,read,2025-11-30 01:49:43,49.96
user17,/documents/presentation.pptx,download,2025-11-29 23:39:43,6.41
user15,/data/analysis.xlsx,copy,2025-11-29 21:28:43,42.51
user20,/hr/employee_records.pdf,write,2025-11-29 21:12:43,16.28
user9,/data/analysis.xlsx,write,2025-11-29 20:27:43,4.74
user11,/notes/meeting_notes.txt,write,2025-11-29 20:04:43,29.98
user20,/data/analysis.xlsx,write,2025-11-29 19:11:43,12.71
user4,/documents/report.docx,copy,2025-11-29 17:52:43,45.68
user9,/confidential/salaries.xlsx,copy,2025-11-29 17:12:43,3.12
user16,/data/analysis.xlsx,read,2025-11-29 16:14:43,46.91
user17,/projects/code.py,copy,2025-11-29 16:02:43,39.97
user16,/documents/presentation.pptx,download,2025-11-29 15:58:43,33.67
user15,/documents/presentation.pptx,read,2025-11-29 15:53:43,45.52
user4,/notes/meeting_notes.txt,download,2025-11-29 15:07:43,5.91
user13,/database/customer_data.csv,copy,2025-11-29 14:47:43,28.31
user7,/hr/employee_records.pdf,download,2025-11-29 14:43:43,7.57
user12,/documents/presentation.pptx,read,2025-11-29 14:30:43,33.06
user6,/documents/report.docx,read,2025-11-29 14:26:43,43.52
user12,/projects/code.py,copy,2025-11-29 14:25:43,15.6
user7,/hr/employee_records.pdf,write,2025-11-29 12:23:43,4.97
user1,/documents/report.docx,download,2025-11-29 11:51:43,47.88
user7,/projects/code.py,copy,2025-11-29 10:33:43,19.95
user12,/documents/report.docx,copy,2025-11-29 09:08:43,38.42
user14,/documents/presentation.pptx,copy,2025-11-29 08:51:43,36.36
user20,/admin/passwords.txt,write,2025-11-29 08:35:43,25.34
user13,/database/customer_data.csv,read,2025-11-29 08:06:43,32.78
user13,/hr/employee_records.pdf,read,2025-11-29 07:08:43,10.49
user15,/documents/presentation.pptx,read,2025-11-29 07:00:43,33.61
user7,/hr/employee_records.pdf,download,2025-11-29 06:39:43,17.78
user18,/documents/presentation.pptx,write,2025-11-29 06:24:43,28.21
user17,/documents/presentation.pptx,copy,2025-11-29 05:39:43,35.29
user17,/notes/meeting_notes.txt,write,2025-11-29 05:19:43,34.08
user15,/documents/report.docx,write,2025-11-29 04:23:43,21.92
user10,/notes/meeting_notes.txt,download,2025-11-29 04:07:43,46.33
user6,/documents/report.docx,copy,2025-11-29 02:02:43,22.9
user17,/confidential/salaries.xlsx,read,2025-11-29 01:02:43,20.53
user14,/documents/report.docx,write,2025-11-29 00:32:43,11.84
user12,/documents/presentation.pptx,download,2025-11-29 00:24:43,27.94
user17,/data/analysis.xlsx,download,2025-11-28 23:50:43,35.47
user7,/admin/passwords.txt,read,2025-11-28 23:03:43,6.25
user20,/hr/employee_records.pdf,read,2025-11-28 22:28:43,11.04
user1,/confidential/salaries.xlsx,copy,2025-11-28 22:14:43,12.16
user20,/documents/presentation.pptx,write,2025-11-28 22:11:43,48.6
user20,/confidential/salaries.xlsx,write,2025-11-28 21:54:43,38.02
user18,/data/analysis.xlsx,read,2025-11-28 17:02:43,47.36
user16,/projects/code.py,copy,2025-11-28 16:58:43,22.78
user19,/notes/meeting_notes.txt,download,2025-11-28 16:25:43,38.15
user7,/confidential/salaries.xlsx,download,2025-11-28 13:53:43,49.52
user3,/projects/code.py,copy,2025-11-28 13:44:43,24.96
user14,/documents/presentation.pptx,read,2025-11-28 13:00:43,46.47
user19,/projects/code.py,copy,2025-11-28 12:54:43,42.53
user13,/projects/code.py,copy,2025-11-28 12:29:43,25.9
user13,/hr/employee_records.pdf,download,2025-11-28 12:21:43,34.48
user13,/financial/budget_2024.xlsx,write,2025-11-28 11:50:43,27.03
user12,/documents/report.docx,download,2025-11-28 11:26:43,48.41
user7,/projects/code.py,read,2025-11-28 11:05:43,47.57
user3,/documents/report.docx,write,2025-11-28 09:14:43,33.5
user20,/admin/passwords.txt,write,2025-11-28 08:16:43,8.42
user20,/data/analysis.xlsx,write,2025-11-28 08:10:43,30.16
user14,/documents/report.docx,write,2025-11-28 07:36:43,49.42
user12,/documents/report.docx,download,2025-11-28 07:30:43,14.31
user7,/hr/employee_records.pdf,copy,2025-11-28 07:10:43,14.42
user4,/projects/code.py,write,2025-11-28 06:26:43,24.83
user2,/projects/code.py,download,2025-11-28 05:41:43,47.24
user15,/notes/meeting_notes.txt,read,2025-11-28 05:38:43,44.5
user19,/projects/code.py,copy,2025-11-28 04:39:43,36.26
user7,/financial/budget_2024.xlsx,read,2025-11-28 03:51:43,2.62
user20,/documents/report.docx,download,2025-11-28 03:15:43,37.92
user3,/financial/budget_2024.xlsx,download,2025-11-28 02:39:43,9.65
user3,/projects/code.py,read,2025-11-28 02:12:43,2.1
user1,/documents/presentation.pptx,download,2025-11-28 01:41:43,14.08
user13,/notes/meeting_notes.txt,download,2025-11-28 00:53:43,28.95
user20,/hr/employee_records.pdf,download,2025-11-28 00:31:43,27.91
user5,/data/analysis.xlsx,write,2025-11-28 00:09:43,8.67
user17,/data/analysis.xlsx,copy,2025-11-27 23:00:43,23.7
user12,/data/analysis.xlsx,read,2025-11-27 22:10:43,43.12
user20,/admin/passwords.txt,write,2025-11-27 21:45:43,29.96
user7,/database/customer_data.csv,copy,2025-11-27 21:20:43,7.45
user1,/documents/report.docx,download,2025-11-27 20:38:43,15.17
user16,/documents/presentation.pptx,copy,2025-11-27 19:42:43,38.83
user13,/documents/presentation.pptx,download,2025-11-27 19:34:43,40.2
user19,/notes/meeting_notes.txt,copy,2025-11-27 18:35:43,29.98
user17,/documents/report.docx,write,2025-11-27 17:46:43,24.17
user4,/documents/report.docx,download,2025-11-27 17:31:43,0.22
user20,/hr/employee_records.pdf,download,2025-11-27 16:16:43,42.85
user20,/admin/passwords.txt,write,2025-11-27 13:21:43,7.19
user15,/documents/presentation.pptx,read,2025-11-27 10:27:43,39.76
user7,/admin/passwords.txt,copy,2025-11-27 10:22:43,35.4
user8,/data/analysis.xlsx,download,2025-11-27 09:42:43,45.97
user20,/confidential/salaries.xlsx,write,2025-11-27 08:43:43,46.57
user17,/documents/presentation.pptx,read,2025-11-27 08:35:43,26.24
user7,/documents/report.docx,download,2025-11-27 08:20:43,27.83
user8,/documents/presentation.pptx,download,2025-11-27 07:21:43,49.56
user20,/projects/code.py,write,2025-11-27 04:46:43,12.47
user17,/notes/meeting_notes.txt,read,2025-11-27 04:34:43,33.58
user20,/database/customer_data.csv,download,2025-11-27 04:26:43,40.47
user8,/documents/report.docx,write,2025-11-27 04:25:43,49.31
user17,/documents/report.docx,download,2025-11-27 04:23:43,44.77
user7,/notes/meeting_notes.txt,copy,2025-11-27 04:11:43,42.37
user18,/projects/code.py,download,2025-11-27 02:37:43,49.46
user1,/data/analysis.xlsx,copy,2025-11-27 00:09:43,35.68
user18,/financial/budget_2024.xlsx,copy,2025-11-26 23:26:43,13.95
user20,/database/customer_data.csv,download,2025-11-26 23:03:43,32.71
user16,/documents/presentation.pptx,copy,2025-11-26 21:54:43,44.31
user7,/financial/budget_2024.xlsx,download,2025-11-26 21:47:43,45.76
user16,/documents/report.docx,download,2025-11-26 21:28:43,33.99
user4,/documents/presentation.pptx,write,2025-11-26 20:40:43,48.91
user13,/database/customer_data.csv,write,2025-11-26 20:19:43,0.31
user13,/database/customer_data.csv,read,2025-11-26 20:13:43,17.7
user9,/notes/meeting_notes.txt,copy,2025-11-26 18:57:43,46.28
user7,/data/analysis.xlsx,copy,2025-11-26 17:46:43,16.89
user2,/data/analysis.xlsx,download,2025-11-26 16:09:43,13.46
user15,/documents/report.docx,copy,2025-11-26 15:47:43,42.44
user20,/projects/code.py,download,2025-11-26 14:38:43,46.64
user16,/documents/report.docx,copy,2025-11-26 13:37:43,12.0
user19,/documents/presentation.pptx,copy,2025-11-26 12:52:43,4.94
user8,/documents/presentation.pptx,download,2025-11-26 09:09:43,0.57
user7,/confidential/salaries.xlsx,download,2025-11-26 08:27:43,16.03
user20,/data/analysis.xlsx,download,2025-11-26 08:26:43,2.6
user16,/data/analysis.xlsx,download,2025-11-26 06:33:43,28.92
user2,/data/analysis.xlsx,read,2025-11-26 06:21:43,19.64
user7,/projects/code.py,download,2025-11-26 06:14:43,42.21
user15,/documents/presentation.pptx,download,2025-11-26 05:00:43,16.1
user14,/data/analysis.xlsx,write,2025-11-26 04:01:43,24.23
user9,/documents/presentation.pptx,download,2025-11-26 02:58:43,36.59
user13,/hr/employee_records.pdf,download,2025-11-26 02:43:43,39.56
user9,/projects/code.py,download,2025-11-26 02:42:43,37.96
user6,/documents/report.docx,read,2025-11-26 02:06:43,1.5
user3,/data/analysis.xlsx,download,2025-11-25 23:59:43,27.43
user5,/notes/meeting_notes.txt,copy,2025-11-25 23:10:43,43.72
user14,/data/analysis.xlsx,copy,2025-11-25 21:36:43,0.26
user3,/admin/passwords.txt,read,2025-11-25 20:56:43,8.69
user20,/hr/employee_records.pdf,copy,2025-11-25 19:31:43,33.42
user5,/documents/report.docx,copy,2025-11-25 19:11:43,22.48
user11,/financial/budget_2024.xlsx,copy,2025-11-25 18:53:43,4.15
user9,/documents/report.docx,write,2025-11-25 16:23:43,5.61
user17,/database/customer_data.csv,write,2025-11-25 15:22:43,9.12
user13,/financial/budget_2024.xlsx,write,2025-11-25 13:39:43,10.75
user5,/projects/code.py,read,2025-11-25 13:35:43,37.3
user11,/projects/code.py,write,2025-11-25 13:31:43,8.81
user12,/documents/report.docx,write,2025-11-25 12:03:43,41.85
user3,/data/analysis.xlsx,write,2025-11-25 10:19:43,23.74
user16,/documents/presentation.pptx,write,2025-11-25 09:02:43,41.95
user20,/financial/budget_2024.xlsx,download,2025-11-25 08:36:43,14.12
user12,/data/analysis.xlsx,copy,2025-11-25 07:58:43,3.62
user16,/data/analysis.xlsx,download,2025-11-25 07:15:43,21.43
user13,/hr/employee_records.pdf,download,2025-11-25 06:37:43,20.04
user17,/documents/report.docx,copy,2025-11-25 06:04:43,26.55
user13,/hr/employee_records.pdf,write,2025-11-25 06:02:43,45.93
user16,/data/analysis.xlsx,read,2025-11-25 05:43:43,34.08
user5,/documents/report.docx,download,2025-11-25 05:10:43,22.5
user8,/projects/code.py,write,2025-11-25 04:14:43,0.23
user7,/data/analysis.xlsx,download,2025-11-25 01:22:43,41.57
user3,/documents/presentation.pptx,read,2025-11-24 23:33:43,34.18
user8,/notes/meeting_notes.txt,copy,2025-11-24 22:58:43,30.89
user15,/data/analysis.xlsx,copy,2025-11-24 22:24:43,45.04
user6,/admin/passwords.txt,read,2025-11-24 21:05:43,41.53
user18,/data/analysis.xlsx,read,2025-11-24 18:36:43,33.65
user13,/hr/employee_records.pdf,copy,2025-11-24 16:51:43,26.91
user6,/documents/presentation.pptx,copy,2025-11-24 15:42:43,9.46
user19,/notes/meeting_notes.txt,copy,2025-11-24 15:28:43,24.58
user9,/documents/report.docx,write,2025-11-24 15:20:43,9.34
user3,/notes/meeting_notes.txt,copy,2025-11-24 14:51:43,49.63
user14,/hr/employee_records.pdf,copy,2025-11-24 14:26:43,39.51
user8,/notes/meeting_notes.txt,copy,2025-11-24 13:01:43,39.17
user10,/projects/code.py,download,2025-11-24 12:28:43,28.69
user20,/confidential/salaries.xlsx,write,2025-11-24 10:24:43,15.91
user8,/notes/meeting_notes.txt,read,2025-11-24 09:16:43,17.29
user7,/data/analysis.xlsx,read,2025-11-24 08:15:43,45.82
user3,/documents/report.docx,read,2025-11-24 07:50:43,9.99
user18,/data/analysis.xlsx,write,2025-11-24 07:34:43,11.14
user10,/data/analysis.xlsx,write,2025-11-24 05:53:43,35.97
user17,/projects/code.py,read,2025-11-24 05:50:43,23.58
user4,/data/analysis.xlsx,copy,2025-11-24 05:47:43,16.3
user1,/documents/presentation.pptx,download,2025-11-24 05:36:43,3.83
user13,/data/analysis.xlsx,write,2025-11-24 05:21:43,0.34
user18,/documents/report.docx,write,2025-11-24 04:08:43,20.64
user13,/projects/code.py,copy,2025-11-24 01:40:43,47.03
user4,/data/analysis.xlsx,copy,2025-11-24 00:43:43,36.2
user12,/documents/report.docx,write,2025-11-24 00:39:43,45.92
user11,/projects/code.py,read,2025-11-24 00:20:43,15.08
user9,/notes/meeting_notes.txt,copy,2025-11-23 22:23:43,5.92
user10,/documents/presentation.pptx,download,2025-11-23 22:22:43,39.62
user6,/documents/report.docx,copy,2025-11-23 21:58:43,13.21
user8,/documents/report.docx,download,2025-11-23 17:20:43,34.51
user10,/documents/report.docx,download,2025-11-23 17:09:43,9.44
user7,/admin/passwords.txt,download,2025-11-23 16:39:43,44.02
user13,/admin/passwords.txt,write,2025-11-23 16:28:43,35.79
user20,/confidential/salaries.xlsx,download,2025-11-23 16:25:43,39.45
user7,/notes/meeting_notes.txt,copy,2025-11-23 13:27:43,45.53
user20,/confidential/salaries.xlsx,write,2025-11-23 12:26:43,3.34
user15,/projects/code.py,write,2025-11-23 12:21:43,24.45
user11,/documents/presentation.pptx,read,2025-11-23 11:28:43,49.13
user19,/projects/code.py,write,2025-11-23 11:27:43,34.84
user18,/data/analysis.xlsx,write,2025-11-23 11:20:43,0.44
user13,/financial/budget_2024.xlsx,download,2025-11-23 10:34:43,46.77
user18,/documents/presentation.pptx,write,2025-11-23 10:04:43,9.61
user7,/hr/employee_records.pdf,download,2025-11-23 09:37:43,10.54
user20,/hr/employee_records.pdf,download,2025-11-23 09:29:43,30.96
user11,/data/analysis.xlsx,copy,2025-11-23 09:04:43,33.54
user9,/projects/code.py,read,2025-11-23 08:29:43,38.71
user6,/documents/presentation.pptx,read,2025-11-23 08:29:43,7.49
user1,/notes/meeting_notes.txt,copy,2025-11-23 07:57:43,14.86
user13,/projects/code.py,write,2025-11-23 06:19:43,4.69
user13,/database/customer_data.csv,read,2025-11-23 04:24:43,42.75
user9,/data/analysis.xlsx,download,2025-11-23 03:06:43,49.55
user7,/confidential/salaries.xlsx,copy,2025-11-23 01:35:43,12.45
user20,/projects/code.py,read,2025-11-23 00:52:43,11.82
user4,/projects/code.py,download,2025-11-23 00:16:43,17.9
user10,/financial/budget_2024.xlsx,write,2025-11-23 00:11:43,27.49
user7,/financial/budget_2024.xlsx,read,2025-11-22 23:52:43,14.51
user15,/documents/presentation.pptx,read,2025-11-22 22:42:43,29.68
user1,/financial/budget_2024.xlsx,write,2025-11-22 21:21:43,14.49
user20,/documents/presentation.pptx,download,2025-11-22 21:20:43,20.25
user7,/data/analysis.xlsx,copy,2025-11-22 20:56:43,31.38
user6,/documents/presentation.pptx,download,2025-11-22 20:55:43,7.52
user14,/notes/meeting_notes.txt,write,2025-11-22 19:19:43,39.07
user5,/documents/presentation.pptx,read,2025-11-22 17:28:43,45.22
user7,/admin/passwords.txt,read,2025-11-22 16:21:43,3.75
user20,/data/analysis.xlsx,read,2025-11-22 15:48:43,40.89
user15,/documents/presentation.pptx,copy,2025-11-22 15:10:43,4.0
user17,/documents/report.docx,write,2025-11-22 15:06:43,47.6
user12,/projects/code.py,write,2025-11-22 14:31:43,31.08
user14,/documents/report.docx,write,2025-11-22 14:08:43,24.09
user2,/notes/meeting_notes.txt,download,2025-11-22 13:26:43,35.14
user14,/projects/code.py,read,2025-11-22 11:58:43,14.84
user9,/documents/presentation.pptx,write,2025-11-22 11:40:43,22.91
user20,/documents/presentation.pptx,download,2025-11-22 10:57:43,44.48
user20,/hr/employee_records.pdf,read,2025-11-22 10:21:43,12.96
user20,/notes/meeting_notes.txt,read,2025-11-22 09:28:43,3.2
user16,/notes/meeting_notes.txt,read,2025-11-22 09:13:43,2.61
user14,/documents/report.docx,write,2025-11-22 09:10:43,23.88
user20,/documents/presentation.pptx,copy,2025-11-22 09:09:43,36.71
user7,/financial/budget_2024.xlsx,write,2025-11-22 08:51:43,38.45
user10,/data/analysis.xlsx,write,2025-11-22 08:46:43,38.73
user18,/documents/report.docx,write,2025-11-22 07:32:43,5.81
user12,/notes/meeting_notes.txt,write,2025-11-22 07:09:43,22.71
user15,/documents/presentation.pptx,read,2025-11-22 05:55:43,46.62
user7,/admin/passwords.txt,download,2025-11-22 04:54:43,3.99
user8,/projects/code.py,read,2025-11-22 04:42:43,42.28
user19,/data/analysis.xlsx,download,2025-11-22 03:37:43,17.83
user11,/projects/code.py,write,2025-11-22 03:00:43,41.07
user9,/financial/budget_2024.xlsx,copy,2025-11-22 02:40:43,31.71
user20,/confidential/salaries.xlsx,download,2025-11-22 01:47:43,24.64
user2,/hr/employee_records.pdf,read,2025-11-22 01:30:43,5.89
user9,/documents/presentation.pptx,read,2025-11-22 01:27:43,11.08
user15,/projects/code.py,copy,2025-11-22 00:53:43,37.39
user6,/documents/presentation.pptx,read,2025-11-22 00:43:43,18.71
user17,/projects/code.py,write,2025-11-22 00:40:43,23.4
user15,/projects/code.py,download,2025-11-22 00:24:43,46.17
user20,/projects/code.py,write,2025-11-21 23:53:43,11.61
user14,/documents/report.docx,read,2025-11-21 22:33:43,0.17
user12,/database/customer_data.csv,download,2025-11-21 22:23:43,40.5
user10,/database/customer_data.csv,download,2025-11-21 21:59:43,9.97
user9,/database/customer_data.csv,download,2025-11-21 21:57:43,4.43
user3,/data/analysis.xlsx,download,2025-11-21 20:36:43,13.16
user3,/data/analysis.xlsx,read,2025-11-21 19:40:43,38.83
user15,/projects/code.py,copy,2025-11-21 19:37:43,32.03
user7,/projects/code.py,write,2025-11-21 19:31:43,7.38
user18,/notes/meeting_notes.txt,read,2025-11-21 17:58:43,31.86
user13,/documents/report.docx,read,2025-11-21 15:52:43,10.12
user16,/notes/meeting_notes.txt,write,2025-11-21 15:14:43,39.91
user3,/hr/employee_records.pdf,read,2025-11-21 15:05:43,28.86
user13,/admin/passwords.txt,read,2025-11-21 14:22:43,15.78
user11,/projects/code.py,write,2025-11-21 12:58:43,3.07
user20,/admin/passwords.txt,write,2025-11-21 12:36:43,34.16
user19,/notes/meeting_notes.txt,read,2025-11-21 11:11:43,36.75
user8,/documents/presentation.pptx,write,2025-11-21 09:44:43,4.66
user7,/database/customer_data.csv,copy,2025-11-21 08:43:43,41.75
user14,/projects/code.py,copy,2025-11-21 07:50:43,40.82
user2,/documents/presentation.pptx,download,2025-11-21 07:20:43,9.21
user16,/documents/report.docx,read,2025-11-21 07:20:43,10.04
user3,/projects/code.py,download,2025-11-21 06:06:43,38.05
user20,/confidential/salaries.xlsx,read,2025-11-21 05:40:43,16.99
user19,/documents/presentation.pptx,read,2025-11-21 03:58:43,34.91
user15,/documents/report.docx,download,2025-11-21 03:51:43,11.2
user1,/confidential/salaries.xlsx,download,2025-11-21 02:38:43,43.88
user16,/projects/code.py,copy,2025-11-21 01:04:43,24.79
user20,/admin/passwords.txt,download,2025-11-20 23:24:43,15.33
user6,/notes/meeting_notes.txt,read,2025-11-20 22:08:43,20.83
user18,/projects/code.py,copy,2025-11-20 21:17:43,0.26
user20,/notes/meeting_notes.txt,read,2025-11-20 20:43:43,19.95
user20,/confidential/salaries.xlsx,read,2025-11-20 20:30:43,40.6
user13,/notes/meeting_notes.txt,write,2025-11-20 19:34:43,44.26
user7,/confidential/salaries.xlsx,copy,2025-11-20 18:45:43,36.05
user5,/data/analysis.xlsx,download,2025-11-20 17:50:43,48.92
user13,/hr/employee_records.pdf,copy,2025-11-20 16:45:43,45.96
user7,/data/analysis.xlsx,download,2025-11-20 15:35:43,31.49
user6,/documents/presentation.pptx,download,2025-11-20 15:07:43,10.44
user17,/notes/meeting_notes.txt,download,2025-11-20 14:08:43,3.06
user7,/database/customer_data.csv,copy,2025-11-20 13:00:43,42.81
user14,/notes/meeting_notes.txt,copy,2025-11-20 12:47:43,34.32
user6,/data/analysis.xlsx,copy,2025-11-20 11:25:43,46.35
user19,/projects/code.py,copy,2025-11-20 10:46:43,19.43
user20,/hr/employee_records.pdf,read,2025-11-20 10:20:43,45.91
user17,/documents/presentation.pptx,copy,2025-11-20 10:18:43,6.91
user6,/data/analysis.xlsx,write,2025-11-20 08:37:43,49.33
user20,/data/analysis.xlsx,read,2025-11-20 08:30:43,42.54
user20,/confidential/salaries.xlsx,write,2025-11-20 07:58:43,1.08
user8,/notes/meeting_notes.txt,copy,2025-11-20 06:03:43,10.22
user18,/admin/passwords.txt,write,2025-11-20 05:36:43,14.2
user20,/documents/report.docx,read,2025-11-20 04:59:43,34.15
user14,/documents/report.docx,download,2025-11-20 04:10:43,29.52
user9,/documents/presentation.pptx,write,2025-11-20 02:37:43,17.84
user19,/notes/meeting_notes.txt,write,2025-11-20 02:25:43,14.14
user6,/data/analysis.xlsx,read,2025-11-20 02:20:43,29.59
user15,/data/analysis.xlsx,read,2025-11-20 00:40:43,46.61
user15,/projects/code.py,read,2025-11-19 20:50:43,23.02
user2,/documents/presentation.pptx,write,2025-11-19 20:44:43,36.61
user16,/documents/presentation.pptx,write,2025-11-19 20:35:43,5.86
user18,/notes/meeting_notes.txt,download,2025-11-19 18:48:43,28.26
user7,/confidential/salaries.xlsx,download,2025-11-19 17:40:43,19.87
user2,/documents/report.docx,write,2025-11-19 16:25:43,37.37
user20,/projects/code.py,write,2025-11-19 15:51:43,37.44
user7,/confidential/salaries.xlsx,download,2025-11-19 15:08:43,49.12
user17,/projects/code.py,write,2025-11-19 14:49:43,22.43
user5,/projects/code.py,download,2025-11-19 13:49:43,47.35
user14,/projects/code.py,write,2025-11-19 13:47:43,2.61
user5,/documents/report.docx,copy,2025-11-19 13:45:43,15.15
user13,/notes/meeting_notes.txt,copy,2025-11-19 13:37:43,36.64
user6,/data/analysis.xlsx,write,2025-11-19 12:36:43,49.45
user18,/projects/code.py,download,2025-11-19 11:55:43,7.61
user18,/documents/report.docx,copy,2025-11-19 11:15:43,19.05
user3,/hr/employee_records.pdf,write,2025-11-19 11:01:43,7.97
user13,/hr/employee_records.pdf,copy,2025-11-19 09:47:43,35.73
user12,/data/analysis.xlsx,copy,2025-11-19 09:37:43,23.5
user15,/database/customer_data.csv,download,2025-11-19 09:09:43,6.36
user7,/documents/presentation.pptx,read,2025-11-19 08:25:43,4.22
user7,/admin/passwords.txt,write,2025-11-19 08:08:43,47.92
user4,/projects/code.py,copy,2025-11-19 06:40:43,27.94
user10,/projects/code.py,copy,2025-11-19 06:20:43,41.95
user9,/projects/code.py,read,2025-11-19 05:43:43,16.62
user17,/notes/meeting_notes.txt,copy,2025-11-19 05:15:43,32.85
user16,/data/analysis.xlsx,write,2025-11-19 05:13:43,37.37
user8,/documents/presentation.pptx,copy,2025-11-19 05:12:43,40.69
user2,/documents/presentation.pptx,write,2025-11-19 04:21:43,5.76
user13,/confidential/salaries.xlsx,copy,2025-11-19 03:55:43,2.27
user15,/data/analysis.xlsx,copy,2025-11-19 01:22:43,9.67
user15,/data/analysis.xlsx,write,2025-11-18 22:45:43,23.4
user13,/hr/employee_records.pdf,copy,2025-11-18 22:44:43,19.37
user16,/data/analysis.xlsx,download,2025-11-18 20:41:43,47.09
user3,/documents/report.docx,write,2025-11-18 19:07:43,22.68
user18,/notes/meeting_notes.txt,copy,2025-11-18 18:26:43,11.53
user7,/documents/presentation.pptx,read,2025-11-18 17:24:43,33.9
user13,/financial/budget_2024.xlsx,download,2025-11-18 16:53:43,23.22
user3,/notes/meeting_notes.txt,download,2025-11-18 16:24:43,28.88
user12,/notes/meeting_notes.txt,copy,2025-11-18 15:42:43,24.79
user11,/projects/code.py,read,2025-11-18 15:17:43,33.32
user5,/documents/presentation.pptx,read,2025-11-18 15:12:43,31.46
user6,/documents/presentation.pptx,write,2025-11-18 13:38:43,42.11
user7,/projects/code.py,read,2025-11-18 12:54:43,14.28
user12,/documents/presentation.pptx,write,2025-11-18 12:25:43,49.19
user14,/notes/meeting_notes.txt,download,2025-11-18 09:55:43,6.15
user7,/hr/employee_records.pdf,copy,2025-11-18 09:50:43,9.23
user14,/notes/meeting_notes.txt,download,2025-11-18 08:46:43,28.82
user16,/projects/code.py,read,2025-11-18 07:27:43,35.71
user3,/notes/meeting_notes.txt,write,2025-11-18 06:22:43,10.36
user13,/database/customer_data.csv,download,2025-11-18 03:27:43,11.09
user17,/financial/budget_2024.xlsx,write,2025-11-18 03:06:43,24.37
user9,/documents/presentation.pptx,write,2025-11-18 02:48:43,30.73
user7,/hr/employee_records.pdf,copy,2025-11-18 02:33:43,3.54
user19,/database/customer_data.csv,copy,2025-11-18 02:23:43,2.5
user7,/admin/passwords.txt,read,2025-11-18 02:17:43,45.49
user8,/projects/code.py,write,2025-11-18 01:03:43,10.25
user7,/data/analysis.xlsx,read,2025-11-18 00:13:43,43.7
user20,/hr/employee_records.pdf,download,2025-11-18 00:06:43,12.31
user2,/data/analysis.xlsx,copy,2025-11-17 23:52:43,33.23
user9,/notes/meeting_notes.txt,read,2025-11-17 23:08:43,5.53
user7,/projects/code.py,write,2025-11-17 22:32:43,2.35
user13,/projects/code.py,write,2025-11-17 21:15:43,11.85
user4,/projects/code.py,download,2025-11-17 20:46:43,20.02
user19,/documents/report.docx,copy,2025-11-17 20:23:43,42.37
user7,/projects/code.py,write,2025-11-17 19:33:43,26.77
user1,/documents/presentation.pptx,read,2025-11-17 18:00:43,47.43
user15,/projects/code.py,read,2025-11-17 16:01:43,34.64
user2,/documents/presentation.pptx,read,2025-11-17 16:01:43,45.3
user16,/notes/meeting_notes.txt,copy,2025-11-17 15:45:43,44.67
user6,/documents/report.docx,write,2025-11-17 15:37:43,29.45
user8,/documents/presentation.pptx,read,2025-11-17 15:16:43,18.98
user8,/notes/meeting_notes.txt,download,2025-11-17 15:00:43,16.13
user2,/notes/meeting_notes.txt,read,2025-11-17 14:26:43,43.92
user4,/data/analysis.xlsx,read,2025-11-17 12:18:43,15.57
user17,/documents/presentation.pptx,copy,2025-11-17 11:57:43,14.87
user13,/financial/budget_2024.xlsx,read,2025-11-17 11:42:43,31.9
user18,/documents/presentation.pptx,copy,2025-11-17 10:51:43,41.2
user13,/data/analysis.xlsx,write,2025-11-17 10:27:43,31.05
user7,/admin/passwords.txt,copy,2025-11-17 10:17:43,41.81
user16,/projects/code.py,download,2025-11-17 09:14:43,0.55
user4,/data/analysis.xlsx,download,2025-11-17 08:42:43,28.3
user19,/documents/presentation.pptx,download,2025-11-17 07:58:43,47.99
user6,/notes/meeting_notes.txt,copy,2025-11-17 07:40:43,24.01
user8,/documents/report.docx,download,2025-11-17 06:20:43,4.45
user7,/hr/employee_records.pdf,download,2025-11-17 06:06:43,19.88
user6,/database/customer_data.csv,download,2025-11-17 05:00:43,2.28
user14,/data/analysis.xlsx,copy,2025-11-17 04:34:43,9.26
user13,/financial/budget_2024.xlsx,write,2025-11-17 03:50:43,6.3
user20,/confidential/salaries.xlsx,download,2025-11-17 03:00:43,30.12
user13,/documents/report.docx,download,2025-11-17 02:52:43,41.9
user1,/documents/presentation.pptx,read,2025-11-17 01:41:43,47.98
user15,/data/analysis.xlsx,read,2025-11-16 20:24:43,24.53
user17,/notes/meeting_notes.txt,write,2025-11-16 19:48:43,14.25
user20,/documents/presentation.pptx,read,2025-11-16 18:28:43,8.91
user20,/hr/employee_records.pdf,download,2025-11-16 17:49:43,27.13
user13,/database/customer_data.csv,copy,2025-11-16 14:47:43,39.66
user7,/database/customer_data.csv,write,2025-11-16 14:40:43,39.29
user16,/documents/report.docx,download,2025-11-16 14:33:43,41.08
user20,/data/analysis.xlsx,copy,2025-11-16 13:59:43,0.71
user6,/documents/presentation.pptx,read,2025-11-16 13:35:43,17.44
user4,/documents/presentation.pptx,copy,2025-11-16 13:35:43,7.58
user13,/financial/budget_2024.xlsx,download,2025-11-16 12:59:43,48.11
user13,/hr/employee_records.pdf,write,2025-11-16 11:18:43,34.91
user9,/notes/meeting_notes.txt,write,2025-11-16 10:40:43,40.11
user10,/notes/meeting_notes.txt,write,2025-11-16 09:10:43,4.46
user7,/documents/presentation.pptx,download,2025-11-16 08:55:43,21.76
user19,/data/analysis.xlsx,read,2025-11-16 07:03:43,14.15
user14,/notes/meeting_notes.txt,write,2025-11-16 06:54:43,7.38
user11,/documents/report.docx,write,2025-11-16 06:20:43,44.79
user16,/documents/report.docx,read,2025-11-16 05:51:43,23.19
user10,/notes/meeting_notes.txt,read,2025-11-16 05:43:43,24.33
user11,/documents/report.docx,write,2025-11-16 04:27:43,9.11
user7,/confidential/salaries.xlsx,write,2025-11-16 03:37:43,18.55
user7,/projects/code.py,download,2025-11-16 03:25:43,24.76
user1,/documents/presentation.pptx,write,2025-11-16 01:13:43,6.09
user13,/database/customer_data.csv,read,2025-11-16 00:54:43,42.71
user18,/notes/meeting_notes.txt,write,2025-11-16 00:52:43,48.91
user7,/hr/employee_records.pdf,read,2025-11-16 00:52:43,15.33
user3,/documents/presentation.pptx,read,2025-11-16 00:09:43,10.47
user12,/financial/budget_2024.xlsx,write,2025-11-15 23:58:43,33.83
user7,/financial/budget_2024.xlsx,download,2025-11-15 21:59:43,10.94
user13,/documents/presentation.pptx,download,2025-11-15 20:59:43,20.59
user7,/hr/employee_records.pdf,download,2025-11-15 20:31:43,12.52
user12,/documents/presentation.pptx,read,2025-11-15 17:25:43,43.49
user4,/data/analysis.xlsx,copy,2025-11-15 17:16:43,44.14
user3,/documents/report.docx,copy,2025-11-15 16:30:43,11.0
user20,/database/customer_data.csv,copy,2025-11-15 16:22:43,18.27
user1,/financial/budget_2024.xlsx,read,2025-11-15 15:35:43,10.8
user13,/notes/meeting_notes.txt,download,2025-11-15 14:48:43,25.5
user19,/data/analysis.xlsx,read,2025-11-15 14:41:43,14.04
user7,/data/analysis.xlsx,read,2025-11-15 13:42:43,11.81
user2,/projects/code.py,write,2025-11-15 13:03:43,48.19
user18,/documents/report.docx,copy,2025-11-15 12:49:43,41.85
user7,/projects/code.py,copy,2025-11-15 11:30:43,42.29
user1,/documents/report.docx,write,2025-11-15 09:28:43,19.12
user7,/database/customer_data.csv,read,2025-11-15 08:12:43,29.32
user19,/documents/presentation.pptx,read,2025-11-15 07:08:43,24.89
user7,/confidential/salaries.xlsx,write,2025-11-15 06:58:43,21.46
user17,/documents/report.docx,download,2025-11-15 06:48:43,19.35
user13,/hr/employee_records.pdf,download,2025-11-15 05:02:43,22.24
user13,/documents/report.docx,read,2025-11-15 04:44:43,38.61
user20,/projects/code.py,download,2025-11-15 04:07:43,8.56
user4,/notes/meeting_notes.txt,write,2025-11-15 03:41:43,8.15
user4,/documents/report.docx,copy,2025-11-15 02:48:43,25.68
user12,/documents/report.docx,copy,2025-11-15 01:35:43,18.24
user12,/notes/meeting_notes.txt,download,2025-11-15 01:13:43,21.16
user20,/database/customer_data.csv,copy,2025-11-14 23:52:43,15.42
user5,/confidential/salaries.xlsx,copy,2025-11-14 23:15:43,43.41
user8,/documents/report.docx,write,2025-11-14 21:23:43,39.66
user20,/documents/presentation.pptx,copy,2025-11-14 20:56:43,24.88
user6,/projects/code.py,download,2025-11-14 20:01:43,1.24
user7,/documents/report.docx,download,2025-11-14 18:56:43,7.69
user10,/projects/code.py,download,2025-11-14 18:29:43,45.52
user6,/documents/report.docx,copy,2025-11-14 18:26:43,35.51
user1,/projects/code.py,write,2025-11-14 16:48:43,42.74
user7,/projects/code.py,download,2025-11-14 16:34:43,26.21
user11,/documents/presentation.pptx,copy,2025-11-14 16:02:43,31.34
user9,/projects/code.py,download,2025-11-14 14:38:43,2.97
user19,/projects/code.py,copy,2025-11-14 14:11:43,23.21
user15,/documents/presentation.pptx,download,2025-11-14 13:41:43,1.33
user7,/database/customer_data.csv,write,2025-11-14 13:14:43,6.73
user6,/projects/code.py,download,2025-11-14 12:55:43,1.08
user16,/documents/presentation.pptx,copy,2025-11-14 12:37:43,47.62
user17,/data/analysis.xlsx,write,2025-11-14 12:34:43,10.41
user2,/documents/presentation.pptx,write,2025-11-14 11:54:43,11.91
user13,/admin/passwords.txt,copy,2025-11-14 10:55:43,22.08
user20,/notes/meeting_notes.txt,write,2025-11-14 09:58:43,12.16
user20,/confidential/salaries.xlsx,download,2025-11-14 09:52:43,40.12
user7,/projects/code.py,read,2025-11-14 09:43:43,47.58
user6,/data/analysis.xlsx,read,2025-11-14 09:18:43,36.7
user2,/documents/report.docx,write,2025-11-14 09:14:43,28.53
user1,/documents/report.docx,copy,2025-11-14 06:16:43,48.17
user8,/data/analysis.xlsx,download,2025-11-14 05:13:43,36.37
user9,/projects/code.py,write,2025-11-14 05:07:43,4.91
user5,/notes/meeting_notes.txt,write,2025-11-14 01:50:43,3.44
user10,/documents/presentation.pptx,copy,2025-11-14 00:44:43,4.7
user15,/notes/meeting_notes.txt,copy,2025-11-13 22:30:43,23.09
user2,/notes/meeting_notes.txt,write,2025-11-13 22:02:43,45.3
user20,/notes/meeting_notes.txt,copy,2025-11-13 19:40:43,1.05
user14,/data/analysis.xlsx,copy,2025-11-13 15:41:43,18.31
user9,/documents/presentation.pptx,read,2025-11-13 15:39:43,7.52
user16,/notes/meeting_notes.txt,write,2025-11-13 14:56:43,0.57
user7,/confidential/salaries.xlsx,read,2025-11-13 14:33:43,42.75
user4,/notes/meeting_notes.txt,read,2025-11-13 14:15:43,40.4
user13,/confidential/salaries.xlsx,write,2025-11-13 13:05:43,43.61
user3,/data/analysis.xlsx,read,2025-11-13 12:52:43,18.71
user7,/financial/budget_2024.xlsx,write,2025-11-13 11:21:43,49.15
user20,/admin/passwords.txt,copy,2025-11-13 09:51:43,16.8
user7,/confidential/salaries.xlsx,download,2025-11-13 09:49:43,28.96
user15,/projects/code.py,read,2025-11-13 08:20:43,45.29
user2,/projects/code.py,copy,2025-11-13 08:13:43,43.76
user9,/documents/report.docx,read,2025-11-13 07:39:43,11.98
user11,/documents/presentation.pptx,download,2025-11-13 07:24:43,8.75
user18,/documents/report.docx,read,2025-11-13 06:37:43,45.63
user20,/admin/passwords.txt,download,2025-11-13 06:01:43,41.11
user13,/admin/passwords.txt,download,2025-11-13 05:27:43,39.56
user8,/projects/code.py,write,2025-11-13 04:34:43,47.7
user2,/projects/code.py,copy,2025-11-13 03:50:43,11.41
user4,/data/analysis.xlsx,read,2025-11-13 03:39:43,37.43
user18,/projects/code.py,download,2025-11-13 02:54:43,21.86
user13,/documents/report.docx,write,2025-11-13 01:56:43,13.97
user3,/documents/report.docx,download,2025-11-12 23:49:43,29.16
user4,/notes/meeting_notes.txt,read,2025-11-12 19:49:43,42.6
user9,/notes/meeting_notes.txt,copy,2025-11-12 19:47:43,26.7
user7,/confidential/salaries.xlsx,copy,2025-11-12 19:44:43,5.14
user6,/data/analysis.xlsx,download,2025-11-12 19:36:43,35.79
user20,/hr/employee_records.pdf,read,2025-11-12 16:20:43,37.75
user14,/projects/code.py,read,2025-11-12 16:19:43,36.42
user2,/confidential/salaries.xlsx,read,2025-11-12 15:22:43,28.14
user13,/projects/code.py,write,2025-11-12 15:14:43,0.39
user15,/database/customer_data.csv,read,2025-11-12 15:14:43,44.29
user6,/admin/passwords.txt,download,2025-11-12 15:00:43,18.79
user20,/admin/passwords.txt,copy,2025-11-12 14:43:43,38.86
user13,/financial/budget_2024.xlsx,write,2025-11-12 14:30:43,24.05
user20,/notes/meeting_notes.txt,copy,2025-11-12 14:28:43,8.63
user12,/notes/meeting_notes.txt,download,2025-11-12 14:20:43,34.35
user7,/database/customer_data.csv,write,2025-11-12 13:34:43,20.49
user19,/documents/presentation.pptx,copy,2025-11-12 09:58:43,48.2
user7,/admin/passwords.txt,write,2025-11-12 09:50:43,16.03
user7,/financial/budget_2024.xlsx,write,2025-11-12 09:30:43,11.01
user16,/projects/code.py,read,2025-11-12 09:09:43,30.95
user14,/documents/report.docx,download,2025-11-12 09:07:43,14.69
user20,/confidential/salaries.xlsx,read,2025-11-12 08:40:43,25.19
user7,/documents/presentation.pptx,read,2025-11-12 08:20:43,32.27
user7,/admin/passwords.txt,copy,2025-11-12 05:22:43,49.79
user10,/data/analysis.xlsx,copy,2025-11-12 04:14:43,24.87
user11,/documents/report.docx,download,2025-11-12 03:34:43,3.93
user20,/data/analysis.xlsx,read,2025-11-12 03:31:43,13.04
user19,/documents/presentation.pptx,download,2025-11-12 03:20:43,30.96
user6,/admin/passwords.txt,write,2025-11-12 01:45:43,26.58
user6,/documents/report.docx,copy,2025-11-12 01:30:43,13.88
user1,/projects/code.py,download,2025-11-12 00:22:43,29.18
user14,/projects/code.py,copy,2025-11-12 00:02:43,11.97
user19,/documents/report.docx,download,2025-11-11 20:28:43,8.55
user14,/data/analysis.xlsx,copy,2025-11-11 19:52:43,29.15
user7,/projects/code.py,read,2025-11-11 19:43:43,26.33
user6,/documents/presentation.pptx,write,2025-11-11 19:40:43,48.88
user10,/notes/meeting_notes.txt,read,2025-11-11 17:49:43,35.52
user12,/documents/report.docx,download,2025-11-11 17:46:43,5.62
user4,/confidential/salaries.xlsx,copy,2025-11-11 16:56:43,13.1
user15,/documents/report.docx,download,2025-11-11 15:51:43,18.68
user2,/notes/meeting_notes.txt,read,2025-11-11 14:49:43,13.51
user13,/notes/meeting_notes.txt,download,2025-11-11 14:30:43,13.29
user15,/documents/presentation.pptx,read,2025-11-11 14:20:43,37.78
user20,/database/customer_data.csv,write,2025-11-11 14:14:43,49.54
user5,/financial/budget_2024.xlsx,copy,2025-11-11 13:55:43,15.97
user15,/documents/presentation.pptx,copy,2025-11-11 13:37:43,4.66
user12,/data/analysis.xlsx,download,2025-11-11 13:32:43,38.27
user6,/documents/presentation.pptx,write,2025-11-11 13:22:43,44.96
user7,/database/customer_data.csv,read,2025-11-11 11:28:43,40.4
user17,/notes/meeting_notes.txt,copy,2025-11-11 11:03:43,1.89
user18,/documents/report.docx,write,2025-11-11 10:27:43,14.41
user1,/documents/presentation.pptx,copy,2025-11-11 10:26:43,32.2
user1,/notes/meeting_notes.txt,copy,2025-11-11 09:48:43,15.0
user15,/projects/code.py,copy,2025-11-11 09:06:43,30.53
user20,/documents/presentation.pptx,copy,2025-11-11 09:00:43,33.3
user20,/hr/employee_records.pdf,write,2025-11-11 07:01:43,44.33
user19,/documents/report.docx,write,2025-11-11 06:28:43,10.35
user2,/documents/report.docx,download,2025-11-11 05:11:43,49.91
user7,/documents/report.docx,read,2025-11-11 05:00:43,31.55
user16,/notes/meeting_notes.txt,write,2025-11-11 04:30:43,18.34
user9,/documents/presentation.pptx,read,2025-11-11 04:14:43,4.8
user6,/data/analysis.xlsx,write,2025-11-11 04:05:43,2.38
user2,/data/analysis.xlsx,read,2025-11-11 03:37:43,4.32
user19,/projects/code.py,write,2025-11-11 03:02:43,33.23
user18,/documents/presentation.pptx,download,2025-11-11 02:21:43,12.02
user10,/projects/code.py,download,2025-11-11 02:12:43,15.6
user15,/projects/code.py,read,2025-11-11 01:56:43,39.36
user13,/notes/meeting_notes.txt,read,2025-11-11 01:09:43,31.09
user9,/data/analysis.xlsx,read,2025-11-10 23:58:43,13.36
user15,/documents/presentation.pptx,copy,2025-11-10 23:57:43,15.87
user14,/hr/employee_records.pdf,download,2025-11-10 22:18:43,43.67
user3,/projects/code.py,write,2025-11-10 21:41:43,37.48
user3,/documents/report.docx,read,2025-11-10 19:38:43,0.41
user6,/documents/presentation.pptx,download,2025-11-10 19:32:43,42.35
user11,/projects/code.py,write,2025-11-10 18:40:43,22.7
user8,/documents/report.docx,copy,2025-11-10 18:08:43,1.54
user12,/projects/code.py,read,2025-11-10 17:50:43,36.17
user7,/documents/report.docx,download,2025-11-10 17:35:43,1.81
user5,/data/analysis.xlsx,download,2025-11-10 17:31:43,48.75
user12,/data/analysis.xlsx,write,2025-11-10 17:28:43,18.95
user16,/documents/report.docx,write,2025-11-10 17:14:43,44.93
user13,/hr/employee_records.pdf,copy,2025-11-10 16:35:43,41.48
user13,/admin/passwords.txt,copy,2025-11-10 15:49:43,43.45
user17,/projects/code.py,copy,2025-11-10 15:34:43,47.18
user13,/data/analysis.xlsx,read,2025-11-10 15:28:43,19.35
user10,/notes/meeting_notes.txt,download,2025-11-10 12:08:43,27.98
user9,/notes/meeting_notes.txt,read,2025-11-10 10:02:43,20.64
user20,/financial/budget_2024.xlsx,read,2025-11-10 09:17:43,4.27
user4,/projects/code.py,copy,2025-11-10 08:26:43,23.16
user5,/hr/employee_records.pdf,write,2025-11-10 08:03:43,29.7
user11,/projects/code.py,read,2025-11-10 07:25:43,13.54
user6,/documents/report.docx,read,2025-11-10 06:41:43,48.42
user7,/documents/report.docx,download,2025-11-10 05:53:43,19.38
user7,/hr/employee_records.pdf,write,2025-11-10 05:08:43,39.46
user20,/documents/report.docx,write,2025-11-10 03:46:43,19.92
user13,/data/analysis.xlsx,copy,2025-11-10 03:12:43,32.8
user18,/notes/meeting_notes.txt,download,2025-11-10 02:21:43,17.62
user15,/documents/presentation.pptx,read,2025-11-09 23:16:43,12.73
user14,/documents/presentation.pptx,download,2025-11-09 22:47:43,19.84
user12,/documents/report.docx,download,2025-11-09 21:41:43,44.4
user20,/projects/code.py,read,2025-11-09 20:29:43,44.2
user20,/confidential/salaries.xlsx,download,2025-11-09 20:23:43,4.2
user13,/confidential/salaries.xlsx,download,2025-11-09 19:56:43,7.54
user20,/confidential/salaries.xlsx,read,2025-11-09 19:53:43,12.32
user13,/admin/passwords.txt,download,2025-11-09 18:29:43,29.77
user15,/documents/report.docx,download,2025-11-09 18:10:43,12.62
user8,/notes/meeting_notes.txt,copy,2025-11-09 16:55:43,8.85
user13,/projects/code.py,read,2025-11-09 16:12:43,36.6
user9,/database/customer_data.csv,read,2025-11-09 16:10:43,29.03
user7,/database/customer_data.csv,read,2025-11-09 16:05:43,23.59
user12,/notes/meeting_notes.txt,write,2025-11-09 15:46:43,13.47
user19,/documents/presentation.pptx,read,2025-11-09 15:14:43,36.68
user2,/documents/presentation.pptx,copy,2025-11-09 15:08:43,1.44
user13,/hr/employee_records.pdf,copy,2025-11-09 14:22:43,47.55
user20,/confidential/salaries.xlsx,download,2025-11-09 14:06:43,26.13
user2,/documents/report.docx,write,2025-11-09 13:32:43,40.29
user16,/notes/meeting_notes.txt,copy,2025-11-09 13:29:43,24.43
user14,/documents/presentation.pptx,download,2025-11-09 11:59:43,0.58
user12,/financial/budget_2024.xlsx,write,2025-11-09 11:52:43,1.74
user10,/documents/presentation.pptx,download,2025-11-09 11:46:43,31.04
user4,/documents/presentation.pptx,read,2025-11-09 10:33:43,5.63
user13,/financial/budget_2024.xlsx,read,2025-11-09 10:31:43,25.33
user17,/data/analysis.xlsx,copy,2025-11-09 10:26:43,6.21
user20,/confidential/salaries.xlsx,download,2025-11-09 09:11:43,0.25
user13,/database/customer_data.csv,download,2025-11-09 07:21:43,15.26
user14,/admin/passwords.txt,write,2025-11-09 07:01:43,1.65
user12,/notes/meeting_notes.txt,download,2025-11-09 05:13:43,39.18
user11,/projects/code.py,download,2025-11-09 05:09:43,49.22
user13,/projects/code.py,download,2025-11-09 04:06:43,14.73
user12,/notes/meeting_notes.txt,read,2025-11-09 03:17:43,28.46
user13,/projects/code.py,copy,2025-11-09 03:10:43,32.46
user13,/hr/employee_records.pdf,copy,2025-11-09 02:53:43,49.07
user9,/projects/code.py,write,2025-11-09 02:00:43,38.64
user14,/documents/report.docx,write,2025-11-09 01:02:43,46.54
user13,/database/customer_data.csv,copy,2025-11-09 00:22:43,26.41
user15,/notes/meeting_notes.txt,read,2025-11-09 00:15:43,35.19
user13,/documents/report.docx,read,2025-11-09 00:04:43,45.38
user12,/data/analysis.xlsx,write,2025-11-08 23:23:43,7.26
user19,/documents/report.docx,read,2025-11-08 21:54:43,43.23
user20,/admin/passwords.txt,read,2025-11-08 20:05:43,26.89
user15,/projects/code.py,download,2025-11-08 19:05:43,24.54
user7,/documents/report.docx,read,2025-11-08 18:45:43,9.12
user13,/financial/budget_2024.xlsx,write,2025-11-08 18:40:43,46.81
user18,/documents/report.docx,download,2025-11-08 18:05:43,31.16
user10,/notes/meeting_notes.txt,read,2025-11-08 18:02:43,9.48
user8,/data/analysis.xlsx,download,2025-11-08 17:11:43,33.7
user9,/documents/report.docx,read,2025-11-08 17:02:43,31.25
user18,/data/analysis.xlsx,copy,2025-11-08 14:54:43,21.12
user7,/documents/report.docx,read,2025-11-08 14:38:43,26.9
user9,/data/analysis.xlsx,read,2025-11-08 14:37:43,49.26
user7,/documents/presentation.pptx,download,2025-11-08 12:37:43,48.54
user6,/projects/code.py,download,2025-11-08 12:18:43,35.2
user6,/documents/report.docx,copy,2025-11-08 10:38:43,25.97
user3,/projects/code.py,copy,2025-11-08 09:57:43,20.28
user1,/documents/presentation.pptx,copy,2025-11-08 09:00:43,20.28
user7,/admin/passwords.txt,read,2025-11-08 08:58:43,7.12
user13,/hr/employee_records.pdf,read,2025-11-08 08:34:43,36.98
user15,/admin/passwords.txt,download,2025-11-08 08:29:43,33.05
user20,/financial/budget_2024.xlsx,read,2025-11-08 08:28:43,27.12
user4,/data/analysis.xlsx,read,2025-11-08 06:44:43,5.77
user14,/confidential/salaries.xlsx,download,2025-11-08 05:37:43,37.74
user7,/database/customer_data.csv,download,2025-11-08 05:04:43,46.24
user5,/admin/passwords.txt,write,2025-11-08 04:59:43,13.99
user14,/projects/code.py,write,2025-11-08 03:28:43,22.47
user19,/data/analysis.xlsx,copy,2025-11-08 03:22:43,45.99
user11,/documents/presentation.pptx,copy,2025-11-08 01:12:43,24.6
user13,/financial/budget_2024.xlsx,download,2025-11-07 23:48:43,43.0
user20,/admin/passwords.txt,read,2025-11-07 23:24:43,39.99
user7,/confidential/salaries.xlsx,download,2025-11-07 22:03:43,37.87
user20,/projects/code.py,write,2025-11-07 21:38:43,13.86
user3,/documents/presentation.pptx,download,2025-11-07 21:36:43,23.59
user14,/confidential/salaries.xlsx,write,2025-11-07 20:59:43,30.83
user6,/projects/code.py,copy,2025-11-07 20:39:43,49.21
user3,/data/analysis.xlsx,copy,2025-11-07 20:27:43,46.52
user7,/notes/meeting_notes.txt,write,2025-11-07 20:25:43,3.82
user2,/notes/meeting_notes.txt,write,2025-11-07 20:12:43,29.55
user8,/projects/code.py,read,2025-11-07 20:09:43,8.87
user13,/hr/employee_records.pdf,copy,2025-11-07 18:56:43,43.54
user5,/projects/code.py,copy,2025-11-07 18:36:43,38.17
user5,/notes/meeting_notes.txt,read,2025-11-07 18:07:43,27.24
user7,/confidential/salaries.xlsx,download,2025-11-07 17:46:43,46.85
user20,/documents/presentation.pptx,copy,2025-11-07 17:23:43,26.2
user15,/data/analysis.xlsx,read,2025-11-07 16:59:43,37.95
user5,/documents/report.docx,copy,2025-11-07 15:47:43,45.29
user17,/hr/employee_records.pdf,read,2025-11-07 13:40:43,4.06
user12,/documents/report.docx,read,2025-11-07 12:20:43,37.96
user13,/database/customer_data.csv,download,2025-11-07 12:13:43,11.37
user3,/notes/meeting_notes.txt,write,2025-11-07 12:10:43,17.94
user5,/projects/code.py,copy,2025-11-07 11:24:43,43.55
user12,/notes/meeting_notes.txt,copy,2025-11-07 10:36:43,18.5
user14,/projects/code.py,read,2025-11-07 10:04:43,34.31
user15,/data/analysis.xlsx,write,2025-11-07 07:28:43,33.19
user6,/documents/report.docx,download,2025-11-07 07:07:43,34.08
user13,/documents/report.docx,write,2025-11-07 06:47:43,31.85
user5,/notes/meeting_notes.txt,download,2025-11-07 06:10:43,27.65
user13,/hr/employee_records.pdf,write,2025-11-07 04:40:43,20.27
user4,/documents/report.docx,read,2025-11-07 04:33:43,44.89
user15,/projects/code.py,download,2025-11-07 02:18:43,6.65
user12,/notes/meeting_notes.txt,copy,2025-11-07 01:11:43,35.74
user14,/data/analysis.xlsx,copy,2025-11-06 22:27:43,45.29
user12,/documents/report.docx,copy,2025-11-06 22:26:43,4.93
user20,/notes/meeting_notes.txt,download,2025-11-06 22:11:43,16.63
user7,/documents/report.docx,read,2025-11-06 21:43:43,32.72
user6,/projects/code.py,write,2025-11-06 21:23:43,21.85
user7,/confidential/salaries.xlsx,read,2025-11-06 20:28:43,0.84
user7,/projects/code.py,download,2025-11-06 20:24:43,4.69
user19,/documents/report.docx,copy,2025-11-06 19:19:43,25.53
user20,/admin/passwords.txt,read,2025-11-06 18:32:43,47.98
user7,/admin/passwords.txt,download,2025-11-06 18:15:43,39.74
user9,/documents/report.docx,read,2025-11-06 18:02:43,16.08
user10,/documents/presentation.pptx,download,2025-11-06 17:38:43,37.41
user16,/documents/presentation.pptx,write,2025-11-06 17:15:43,26.28
user20,/data/analysis.xlsx,download,2025-11-06 16:22:43,31.38
user13,/admin/passwords.txt,download,2025-11-06 15:30:43,30.15
user4,/data/analysis.xlsx,download,2025-11-06 15:21:43,21.0
user8,/data/analysis.xlsx,copy,2025-11-06 15:18:43,34.32
user13,/projects/code.py,read,2025-11-06 15:08:43,29.83
user14,/documents/presentation.pptx,read,2025-11-06 15:06:43,15.92
user20,/financial/budget_2024.xlsx,read,2025-11-06 13:21:43,39.84
user5,/documents/presentation.pptx,write,2025-11-06 11:40:43,18.23
user20,/hr/employee_records.pdf,read,2025-11-06 11:30:43,23.76
user17,/notes/meeting_notes.txt,download,2025-11-06 10:13:43,0.26
user14,/documents/report.docx,download,2025-11-06 07:32:43,20.81
user8,/data/analysis.xlsx,read,2025-11-06 06:44:43,44.71
user14,/notes/meeting_notes.txt,download,2025-11-06 05:59:43,29.93
user20,/notes/meeting_notes.txt,copy,2025-11-06 05:54:43,38.0
user6,/data/analysis.xlsx,read,2025-11-06 05:39:43,21.96
user6,/documents/report.docx,download,2025-11-06 05:30:43,18.02
user6,/notes/meeting_notes.txt,write,2025-11-06 03:18:43,18.53
user13,/database/customer_data.csv,download,2025-11-06 00:42:43,24.95
user4,/projects/code.py,copy,2025-11-06 00:34:43,35.91
user20,/confidential/salaries.xlsx,write,2025-11-05 22:42:43,45.35
user12,/documents/presentation.pptx,download,2025-11-05 22:31:43,44.33
user9,/projects/code.py,copy,2025-11-05 22:20:43,21.09
user13,/documents/presentation.pptx,download,2025-11-05 20:40:43,49.25
user8,/projects/code.py,download,2025-11-05 20:17:43,31.87
user1,/projects/code.py,copy,2025-11-05 19:15:43,31.81
user9,/projects/code.py,download,2025-11-05 14:51:43,4.47
user6,/data/analysis.xlsx,copy,2025-11-05 14:01:43,41.11
user17,/data/analysis.xlsx,read,2025-11-05 13:32:43,0.99
user14,/data/analysis.xlsx,write,2025-11-05 10:56:43,10.12
user16,/hr/employee_records.pdf,copy,2025-11-05 10:47:43,19.62
user4,/data/analysis.xlsx,copy,2025-11-05 10:27:43,9.63
user18,/data/analysis.xlsx,write,2025-11-05 10:18:43,47.38
user14,/documents/presentation.pptx,download,2025-11-05 10:09:43,31.2
user5,/projects/code.py,download,2025-11-05 10:06:43,9.62
user5,/admin/passwords.txt,write,2025-11-05 09:22:43,21.37
user20,/data/analysis.xlsx,copy,2025-11-05 08:50:43,0.69
user9,/notes/meeting_notes.txt,write,2025-11-05 08:46:43,29.44
user20,/documents/presentation.pptx,copy,2025-11-05 08:24:43,27.68
user7,/admin/passwords.txt,read,2025-11-05 07:39:43,16.54
user3,/data/analysis.xlsx,read,2025-11-05 07:14:43,21.01
user19,/documents/presentation.pptx,write,2025-11-05 06:45:43,37.42
user12,/documents/presentation.pptx,read,2025-11-05 06:01:43,4.75
user7,/data/analysis.xlsx,read,2025-11-05 06:00:43,40.01
user3,/documents/presentation.pptx,write,2025-11-05 05:57:43,14.36
user20,/projects/code.py,write,2025-11-05 05:20:43,31.79
user15,/projects/code.py,copy,2025-11-05 03:50:43,33.9
user7,/projects/code.py,copy,2025-11-05 03:35:43,0.46
user20,/hr/employee_records.pdf,copy,2025-11-05 03:23:43,21.19
user16,/notes/meeting_notes.txt,write,2025-11-05 03:17:43,49.11
user12,/database/customer_data.csv,copy,2025-11-05 02:25:43,33.09
user2,/notes/meeting_notes.txt,copy,2025-11-05 00:47:43,45.39
user2,/documents/presentation.pptx,read,2025-11-04 22:58:43,1.81
user4,/documents/presentation.pptx,read,2025-11-04 22:30:43,14.98
user19,/confidential/salaries.xlsx,read,2025-11-04 21:11:43,2.06
user8,/data/analysis.xlsx,download,2025-11-04 20:44:43,49.89
user1,/documents/report.docx,copy,2025-11-04 19:59:43,13.87
user14,/documents/report.docx,download,2025-11-04 19:56:43,15.18
user20,/notes/meeting_notes.txt,download,2025-11-04 18:47:43,1.65
user2,/data/analysis.xlsx,download,2025-11-04 18:34:43,41.26
user16,/data/analysis.xlsx,read,2025-11-04 17:44:43,25.17
user6,/notes/meeting_notes.txt,download,2025-11-04 17:28:43,42.61
user2,/notes/meeting_notes.txt,download,2025-11-04 17:01:43,46.69
user17,/notes/meeting_notes.txt,copy,2025-11-04 16:43:43,17.13
user16,/documents/presentation.pptx,write,2025-11-04 15:41:43,40.78
user19,/documents/presentation.pptx,download,2025-11-04 14:54:43,16.42
user2,/documents/presentation.pptx,download,2025-11-04 14:34:43,15.91
user1,/database/customer_data.csv,download,2025-11-04 13:34:43,24.92
user12,/documents/report.docx,copy,2025-11-04 13:12:43,47.55
user7,/confidential/salaries.xlsx,write,2025-11-04 12:59:43,23.37
user3,/data/analysis.xlsx,read,2025-11-04 12:45:43,7.58
user11,/data/analysis.xlsx,read,2025-11-04 12:21:43,5.5
user8,/documents/report.docx,download,2025-11-04 09:40:43,7.47
user7,/confidential/salaries.xlsx,read,2025-11-04 08:02:43,30.29
user12,/notes/meeting_notes.txt,read,2025-11-04 07:51:43,28.45
user17,/projects/code.py,write,2025-11-04 07:30:43,12.4
user20,/notes/meeting_notes.txt,download,2025-11-04 06:44:43,30.37
user9,/documents/presentation.pptx,download,2025-11-04 06:27:43,28.94
user13,/documents/report.docx,write,2025-11-04 05:56:43,28.12
user9,/data/analysis.xlsx,write,2025-11-04 05:26:43,20.79
user3,/hr/employee_records.pdf,write,2025-11-04 04:30:43,13.24
user16,/hr/employee_records.pdf,write,2025-11-04 02:52:43,49.9
user3,/notes/meeting_notes.txt,copy,2025-11-04 01:26:43,44.9
user12,/admin/passwords.txt,download,2025-11-04 00:21:43,34.22
user18,/data/analysis.xlsx,write,2025-11-03 23:57:43,14.61
user3,/documents/presentation.pptx,read,2025-11-03 23:51:43,36.88
user13,/database/customer_data.csv,copy,2025-11-03 23:20:43,10.7
